,LEGALS,SCORE
0,a fortiori,1.0
1,a priori assumption,1.0
2,a.k.a.,1.0
3,ab initio,1.0
4,abandon,1.0
5,abandoned property,1.0
6,abandonment,1.0
7,abate,1.0
8,abatement,1.0
9,abduction,1.0
10,abet,1.0
11,abeyance,1.0
12,able-bodied,1.0
13,abortion,1.0
14,abrogate,1.0
15,abscond,1.0
16,absolute,1.0
17,abstention doctrine,1.0
18,abstract,1.0
19,abstract of judgment,1.0
20,abstract of title,1.0
21,abuse of discretion,1.0
22,abuse of process,1.0
23,abut,1.0
24,acceleration,1.0
25,acceleration clause,1.0
26,accept,1.0
27,acceptance,1.0
28,acceptance of service,1.0
29,access,1.0
30,accessory,1.0
31,accommodation,1.0
32,accomplice,1.0
33,accord and satisfaction,1.0
34,account stated,1.0
35,accounts payable,1.0
36,accounts receivable,1.0
37,accretion,1.0
38,accrue,1.0
39,accusation,1.0
40,accused,1.0
41,acknowledge,1.0
42,acknowledgment,1.0
43,acquit,1.0
44,acquittal,1.0
45,act,1.0
46,act of God,1.0
47,action,1.0
48,actionable,1.0
49,actual controversy,1.0
50,actual notice,1.0
51,ad hoc,1.0
52,ad litem,1.0
53,ad seriatim,1.0
54,ad valorem,1.0
55,addendum,1.0
56,adeem,1.0
57,ademption,1.0
58,adequate remedy,1.0
59,adhesion contract,1.0
60,adjourn,1.0
61,adjudication,1.0
62,adjusted basis,1.0
63,adjuster,1.0
64,administer,1.0
65,administrative hearing,1.0
66,administrative law,1.0
67,administrative law judge,1.0
68,Administrative Procedure Act,1.0
69,administrator,1.0
70,admiralty,1.0
71,admissible evidence,1.0
72,admission,1.0
73,admission against interest,1.0
74,admission of evidence,1.0
75,admission of guilt,1.0
76,admission to bail,1.0
77,admit,1.0
78,adopt,1.0
79,adoption,1.0
80,adultery,1.0
81,advance,1.0
82,advancement,1.0
83,adverse,1.0
84,adverse interest,1.0
85,adverse party,1.0
86,adverse possession,1.0
87,adverse witness,1.0
88,advisory opinion,1.0
89,affiant,1.0
90,affidavit,1.0
91,affirm,1.0
92,affirmative action,1.0
93,affirmative defense,1.0
94,affix,1.0
95,after-acquired property,1.0
96,after-acquired title,1.0
97,after-discovered evidence,1.0
98,age discrimination,1.0
99,age of consent,1.0
100,agency,1.0
101,agent,1.0
102,agent for acceptance of service,1.0
103,aggravated assault,1.0
104,agreed statement,1.0
105,agreement,1.0
106,aid and abet,1.0
107,aleatory,1.0
108,alias,1.0
109,alibi,1.0
110,alien,1.0
111,alienation,1.0
112,alienation of affections,1.0
113,alimony,1.0
114,aliquot:,1.0
115,all the estate I own,1.0
116,allegation,1.0
117,allege,1.0
118,alluvion,1.0
119,alter ego,1.0
120,alternative pleading,1.0
121,ambiguity,1.0
122,amend,1.0
123,amended complaint,1.0
124,amended pleading,1.0
125,American Bar Association,1.0
126,American Civil Liberties Union,1.0
127,American Depository Receipt,1.0
128,amicus curiae,1.0
129,amnesty,1.0
130,amortization,1.0
131,ancillary administration,1.0
132,ancillary jurisdiction,1.0
133,and,1.0
134,annuity,1.0
135,answer,1.0
136,antenuptial (prenuptial) agreement,1.0
137,anticipatory breach,1.0
138,antitrust laws,1.0
139,apparent authority,1.0
140,appeal,1.0
141,appear,1.0
142,appearance,1.0
143,appellant,1.0
144,appellate court,1.0
145,appellee,1.0
146,appraise,1.0
147,appraiser,1.0
148,appreciate,1.0
149,appreciation,1.0
150,approach,1.0
151,approach the bench,1.0
152,approach the witness,1.0
153,appurtenant,1.0
154,arbiter,1.0
155,arbitrary,1.0
156,arbitration,1.0
157,arbitrator,1.0
158,arguendo,1.0
159,argumentative,1.0
160,arm's length,1.0
161,arraign,1.0
162,arraignment,1.0
163,arrears,1.0
164,arrest,1.0
165,arrest warrant,1.0
166,arson,1.0
167,article,1.0
168,articles of impeachment,1.0
169,articles of incorporation,1.0
170,as is,1.0
171,assault,1.0
172,assault and battery,1.0
173,assess,1.0
174,asset,1.0
175,assign,1.0
176,assigned risk,1.0
177,assignee,1.0
178,assignment,1.0
179,assignment for benefit of creditors,1.0
180,Associate Justice,1.0
181,association,1.0
182,assume,1.0
183,assumption,1.0
184,assumption of risk,1.0
185,assured,1.0
186,at will  employment,1.0
187,attached,1.0
188,attachment,1.0
189,attempt,1.0
190,attest,1.0
191,attestation,1.0
192,attorney,1.0
193,attorney at law (or attorney-at-law),1.0
194,Attorney General,1.0
195,attorney of record,1.0
196,attorney's advertising,1.0
197,attorney's fee,1.0
198,attorney's work product,1.0
199,attorney-client privilege,1.0
200,attorney-in-fact,1.0
201,attractive nuisance doctrine,1.0
202,audit,1.0
203,auditor,1.0
204,authorities,1.0
205,authority,1.0
206,authorize,1.0
207,avulsion,1.0
208,award,1.0
209,Bachelor of Laws,1.0
210,back-to-back life sentences,1.0
211,bad debt,1.0
212,bad faith,1.0
213,bail,1.0
214,bail bond,1.0
215,bail bondsman,1.0
216,bailee,1.0
217,bailiff,1.0
218,bailment,1.0
219,bailor,1.0
220,bait and switch,1.0
221,balance due,1.0
222,balance sheet,1.0
223,bank,1.0
224,bankruptcy,1.0
225,bankruptcy court,1.0
226,bankruptcy proceedings,1.0
227,bar,1.0
228,bar association,1.0
229,bar examination,1.0
230,bargain,1.0
231,barratry,1.0
232,barrister,1.0
233,basis,1.0
234,battery,1.0
235,beach bum trust provision,1.0
236,bearer,1.0
237,bearer paper,1.0
238,belief,1.0
239,bench,1.0
240,bench warrant,1.0
241,beneficial interest,1.0
242,beneficial use,1.0
243,beneficiary,1.0
244,benefit,1.0
245,benefit of counsel,1.0
246,bequeath,1.0
247,bequest,1.0
248,best evidence rule,1.0
249,bestiality,1.0
250,beyond a reasonable doubt,1.0
251,BFP,1.0
252,bias,1.0
253,bid,1.0
254,bifurcate,1.0
255,bifurcation,1.0
256,bigamy,1.0
257,bilateral contract,1.0
258,bill,1.0
259,bill of attainder,1.0
260,bill of exchange,1.0
261,bill of lading,1.0
262,bill of particulars,1.0
263,Bill of Rights,1.0
264,bill of sale,1.0
265,binder,1.0
266,blackmail,1.0
267,blank endorsement,1.0
268,blue laws,1.0
269,blue ribbon jury,1.0
270,blue sky laws,1.0
271,board of directors,1.0
272,boiler room,1.0
273,boilerplate,1.0
274,bona fide,1.0
275,bona fide purchaser,1.0
276,bond,1.0
277,bondsman,1.0
278,booby trap,1.0
279,book account,1.0
280,book value,1.0
281,bottomry,1.0
282,boycott,1.0
283,breach,1.0
284,breach of contract,1.0
285,breach of promise,1.0
286,breach of the peace,1.0
287,breach of trust,1.0
288,breach of warranty,1.0
289,breaking and entering,1.0
290,bribery,1.0
291,brief,1.0
292,broker,1.0
293,brought to trial,1.0
294,bucket shop,1.0
295,building and loan,1.0
296,bulk sale,1.0
297,bulk sales acts,1.0
298,bulk transfer,1.0
299,burden,1.0
300,burden of proof,1.0
301,burglary,1.0
302,business,1.0
303,business invitee,1.0
304,but for  rule,1.0
305,buy-sell agreement,1.0
306,bylaws,1.0
307,C.I.F.,1.0
308,calendar,1.0
309,calendar call,1.0
310,call,1.0
311,calumny,1.0
312,cancel,1.0
313,cancellation,1.0
314,caning,1.0
315,canon law,1.0
316,cap,1.0
317,capital,1.0
318,capital account,1.0
319,capital assets,1.0
320,capital expenditure,1.0
321,capital gains,1.0
322,capital investment,1.0
323,capital offense,1.0
324,capital punishment,1.0
325,capital stock,1.0
326,capitalization,1.0
327,capitalized value,1.0
328,capricious,1.0
329,caption,1.0
330,care,1.0
331,careless,1.0
332,carnal knowledge,1.0
333,carrier,1.0
334,carryback,1.0
335,carrying for hire,1.0
336,carrying on business,1.0
337,carryover,1.0
338,cartel,1.0
339,case,1.0
340,case law,1.0
341,case of first impression,1.0
342,case system,1.0
343,cashier's check,1.0
344,casual,1.0
345,casualty,1.0
346,casualty loss,1.0
347,cause,1.0
348,cause of action,1.0
349,caveat,1.0
350,caveat emptor,1.0
351,cease and desist order,1.0
352,certificate of deposit (CD),1.0
353,certificate of incorporation,1.0
354,certificate of title,1.0
355,certified check,1.0
356,certiorari,1.0
357,cestui que trust,1.0
358,cestui que use,1.0
359,chain of title,1.0
360,challenge,1.0
361,challenge for cause,1.0
362,chambers,1.0
363,champerty,1.0
364,chancellor,1.0
365,chancery,1.0
366,change of circumstances,1.0
367,character witness,1.0
368,charge,1.0
369,charitable contribution,1.0
370,charitable remainder trust (Charitable Remainder Irrevocable Unitrust),1.0
371,charity,1.0
372,charter,1.0
373,chattel,1.0
374,chattel mortgage,1.0
375,check,1.0
376,Chief Justice,1.0
377,child,1.0
378,child custody,1.0
379,child support,1.0
380,churning,1.0
381,circuit courts,1.0
382,circumstantial evidence,1.0
383,citation,1.0
384,cite,1.0
385,citizen,1.0
386,civil,1.0
387,civil action,1.0
388,civil calendar,1.0
389,civil code,1.0
390,civil law,1.0
391,civil liability,1.0
392,civil liberties,1.0
393,civil penalties,1.0
394,civil procedure,1.0
395,civil rights,1.0
396,claim,1.0
397,claim against a governmental agency,1.0
398,claim against an estate,1.0
399,claim in bankruptcy,1.0
400,class,1.0
401,class action,1.0
402,clean hands doctrine,1.0
403,clear and convincing evidence,1.0
404,clear and present danger,1.0
405,clear title,1.0
406,clerk,1.0
407,close corporation,1.0
408,closed shop,1.0
409,closing,1.0
410,closing argument,1.0
411,cloud on title (cloud),1.0
412,co-trustee,1.0
413,code,1.0
414,Code of Professional Responsibility,1.0
415,codefendant,1.0
416,codicil,1.0
417,codify,1.0
418,cohabitation,1.0
419,coinsurance,1.0
420,collateral,1.0
421,collateral attack,1.0
422,collateral descendant,1.0
423,collateral estoppel,1.0
424,collusion,1.0
425,collusive action,1.0
426,color of law,1.0
427,color of title,1.0
428,comaker,1.0
429,comity,1.0
430,commencement of action,1.0
431,comment,1.0
432,commercial frustration,1.0
433,commercial law,1.0
434,commingling,1.0
435,commission,1.0
436,commitment,1.0
437,common area,1.0
438,common carrier,1.0
439,common counts,1.0
440,common law,1.0
441,common property,1.0
442,common stock,1.0
443,common-law marriage,1.0
444,community property,1.0
445,commutation,1.0
446,commute a sentence,1.0
447,company,1.0
448,comparative negligence,1.0
449,compensation,1.0
450,compensatory damages,1.0
451,competent,1.0
452,complainant,1.0
453,complaint,1.0
454,compos mentis,1.0
455,compound interest,1.0
456,compound question,1.0
457,compounding a felony,1.0
458,compromise,1.0
459,compromise verdict,1.0
460,concealed weapon,1.0
461,concealment,1.0
462,conclusion,1.0
463,conclusion of fact,1.0
464,conclusion of law,1.0
465,concurrent sentences,1.0
466,condemn,1.0
467,condemnation,1.0
468,condemnation action,1.0
469,condition,1.0
470,condition precedent,1.0
471,condition subsequent,1.0
472,conditional bequest,1.0
473,conditional sale,1.0
474,condominium,1.0
475,condone,1.0
476,confess,1.0
477,confession,1.0
478,confession and avoidance,1.0
479,confession of judgment,1.0
480,confidence game,1.0
481,confidential communication,1.0
482,confidential relation,1.0
483,confiscate,1.0
484,conflict of interest,1.0
485,conflict of law,1.0
486,confrontation,1.0
487,confusingly similar,1.0
488,conjugal rights,1.0
489,conscientious objector,1.0
490,conscious parallelism,1.0
491,consent,1.0
492,consent decree,1.0
493,consent judgment,1.0
494,consequential damages,1.0
495,conservatee,1.0
496,conservator,1.0
497,consideration,1.0
498,consign,1.0
499,consignee,1.0
500,consignment,1.0
501,consortium,1.0
502,conspiracy,1.0
503,conspirator,1.0
504,constable,1.0
505,constitution,1.0
506,constitutional rights,1.0
507,construction,1.0
508,constructive,1.0
509,constructive eviction,1.0
510,constructive fraud,1.0
511,constructive notice,1.0
512,constructive possession,1.0
513,constructive trust,1.0
514,construe,1.0
515,consumer protection laws,1.0
516,contemplation of death,1.0
517,contempt of court,1.0
518,contiguous,1.0
519,contingency,1.0
520,contingent,1.0
521,contingent beneficiary,1.0
522,contingent fee,1.0
523,contingent interest,1.0
524,contingent remainder,1.0
525,continuance,1.0
526,continuing objection,1.0
527,continuing trespass,1.0
528,contra,1.0
529,contract,1.0
530,contract of adhesion,1.0
531,contractor,1.0
532,contribution,1.0
533,contributory negligence,1.0
534,control,1.0
535,controlled substance,1.0
536,controlling law,1.0
537,controversy,1.0
538,conversion,1.0
539,convey,1.0
540,conveyance,1.0
541,convict,1.0
542,conviction,1.0
543,cooperative,1.0
544,cooperative housing,1.0
545,cop a plea,1.0
546,copartner,1.0
547,copyright,1.0
548,coroner,1.0
549,corporate opportunity,1.0
550,corporation,1.0
551,corpus,1.0
552,corpus delicti,1.0
553,corpus juris,1.0
554,corroborate,1.0
555,corroborating evidence,1.0
556,cosign,1.0
557,cost bill,1.0
558,cost of completion,1.0
559,costs,1.0
560,cotenancy,1.0
561,cotenant,1.0
562,counsel,1.0
563,counsellor,1.0
564,count,1.0
565,counter offer,1.0
566,counterclaim,1.0
567,counterfeit,1.0
568,counterpart,1.0
569,course,1.0
570,course of employment,1.0
571,court,1.0
572,court calendar,1.0
573,court costs,1.0
574,court docket,1.0
575,court of appeals,1.0
576,Court of Customs and Patent Appeals,1.0
577,court of equity,1.0
578,court of law,1.0
579,court trial,1.0
580,court-martial,1.0
581,covenant,1.0
582,covenant not to compete,1.0
583,covenant that runs with the land,1.0
584,"covenants, conditions and restrictions",1.0
585,credibility,1.0
586,credible witness,1.0
587,creditor,1.0
588,creditor's claim,1.0
589,creditor's rights,1.0
590,crime,1.0
591,crime against nature,1.0
592,crime of passion,1.0
593,criminal,1.0
594,criminal attorney,1.0
595,criminal calendar,1.0
596,criminal justice,1.0
597,criminal law,1.0
598,cross-complaint,1.0
599,cross-examination,1.0
600,cruel and unusual punishment,1.0
601,cruelty,1.0
602,cruelty to animals,1.0
603,culpability,1.0
604,culpable,1.0
605,cumis counsel,1.0
606,cumulative sentence,1.0
607,cumulative voting,1.0
608,curtesy,1.0
609,custody,1.0
610,Customs Court,1.0
611,cut a check,1.0
612,cy pres doctrine,1.0
613,D.A.,1.0
614,d.b.a.,1.0
615,D.U.I.,1.0
616,D.W.I.,1.0
617,damages,1.0
618,dangerous,1.0
619,dangerous weapon,1.0
620,date rape,1.0
621,day in court,1.0
622,de facto,1.0
623,de facto corporation,1.0
624,de jure,1.0
625,de jure corporation,1.0
626,de minimis,1.0
627,de novo,1.0
628,deadly weapon,1.0
629,dealer,1.0
630,death penalty,1.0
631,death row,1.0
632,debenture,1.0
633,debt,1.0
634,debtor,1.0
635,debtor in possession,1.0
636,deceased,1.0
637,decedent,1.0
638,deceit,1.0
639,deception,1.0
640,decide,1.0
641,decision,1.0
642,declarant,1.0
643,declaration,1.0
644,declaration of mailing,1.0
645,declaration of trust,1.0
646,declaratory judgment,1.0
647,declaratory relief,1.0
648,decree,1.0
649,decriminalization,1.0
650,dedication,1.0
651,deduction,1.0
652,deed,1.0
653,deed of trust,1.0
654,defalcation,1.0
655,defamation,1.0
656,default,1.0
657,default judgment,1.0
658,defeasance,1.0
659,defect,1.0
660,defective,1.0
661,defective title,1.0
662,defendant,1.0
663,defense,1.0
664,defense attorney,1.0
665,deficiency judgment,1.0
666,deficit,1.0
667,defraud,1.0
668,degree of kinship,1.0
669,delayed exchange,1.0
670,delegate,1.0
671,deleterious,1.0
672,deliberate,1.0
673,deliberation,1.0
674,delinquent,1.0
675,deliver,1.0
676,delivery,1.0
677,demand,1.0
678,demand note,1.0
679,demise,1.0
680,demonstrative evidence,1.0
681,demurrer,1.0
682,denial,1.0
683,dependent,1.0
684,depletion,1.0
685,deponent,1.0
686,deportation,1.0
687,depose,1.0
688,deposition,1.0
689,depreciate,1.0
690,depreciation,1.0
691,depreciation reserve,1.0
692,derelict,1.0
693,dereliction,1.0
694,derivative action,1.0
695,descent,1.0
696,descent and distribution,1.0
697,desert,1.0
698,desertion,1.0
699,determinable,1.0
700,deuce,1.0
701,devise,1.0
702,devisee,1.0
703,devolution,1.0
704,devolve,1.0
705,dicta,1.0
706,dictum,1.0
707,diligence,1.0
708,diminished capacity,1.0
709,diminution in value,1.0
710,direct and proximate cause,1.0
711,direct evidence,1.0
712,direct examination,1.0
713,directed verdict,1.0
714,director,1.0
715,disability,1.0
716,disbar,1.0
717,disbarment,1.0
718,discharge,1.0
719,discharge in bankruptcy,1.0
720,disclaimer,1.0
721,discount,1.0
722,discovery,1.0
723,discretion,1.0
724,discrimination,1.0
725,disfigure,1.0
726,dishonor,1.0
727,disinherit,1.0
728,disinheritance,1.0
729,disjunctive allegations,1.0
730,dismiss,1.0
731,dismissal,1.0
732,dismissal with prejudice,1.0
733,dismissal without prejudice,1.0
734,disorderly conduct,1.0
735,disorderly house,1.0
736,disposing mind and memory,1.0
737,disposition,1.0
738,dispossess,1.0
739,dissent,1.0
740,dissenting opinion,1.0
741,dissolution,1.0
742,dissolution of corporation,1.0
743,distinguish,1.0
744,distress,1.0
745,distribute,1.0
746,distribution,1.0
747,District Attorney (D.A.),1.0
748,district court,1.0
749,disturbing the peace,1.0
750,diversion,1.0
751,diversity of citizenship,1.0
752,divestiture,1.0
753,divestment,1.0
754,dividend,1.0
755,divorce,1.0
756,DNA,1.0
757,docket,1.0
758,document,1.0
759,documentary evidence,1.0
760,doing business,1.0
761,domestic partners,1.0
762,domestic relations,1.0
763,domestic violence,1.0
764,domicile,1.0
765,dominant estate,1.0
766,dominant tenement,1.0
767,donation,1.0
768,donative intent,1.0
769,donee,1.0
770,donor,1.0
771,double jeopardy,1.0
772,double taxation,1.0
773,dower,1.0
774,dowry,1.0
775,draft,1.0
776,dram shop rule,1.0
777,draw,1.0
778,drawee,1.0
779,drawer,1.0
780,driving under the influence (DUI),1.0
781,driving while intoxicated,1.0
782,drop dead date,1.0
783,due,1.0
784,due and owing,1.0
785,due care,1.0
786,due process of law,1.0
787,"due, owing and unpaid",1.0
788,duress,1.0
789,duty,1.0
790,duty of care,1.0
791,dying declaration,1.0
792,earnest payment,1.0
793,easement,1.0
794,egress,1.0
795,EIR,1.0
796,ejectment,1.0
797,ejusdem generis,1.0
798,elder law,1.0
799,election of remedies,1.0
800,election under the will,1.0
801,eleemosynary,1.0
802,element,1.0
803,emancipation,1.0
804,embezzlement,1.0
805,embezzler,1.0
806,emblements,1.0
807,emergency,1.0
808,eminent domain,1.0
809,emolument,1.0
810,emotional distress,1.0
811,employee,1.0
812,employer,1.0
813,employment,1.0
814,en banc,1.0
815,enabling clause,1.0
816,enclosure,1.0
817,encroach,1.0
818,encroachment,1.0
819,encumbrance,1.0
820,endorse (indorse),1.0
821,endorsement,1.0
822,endowment,1.0
823,enjoin,1.0
824,enjoyment,1.0
825,enter a judgment,1.0
826,entity,1.0
827,entrapment,1.0
828,entry of judgment,1.0
829,environmental impact report,1.0
830,environmental law,1.0
831,equal opportunity,1.0
832,equal protection of the law,1.0
833,equitable,1.0
834,equitable estoppel,1.0
835,equitable lien,1.0
836,equity,1.0
837,equity of redemption,1.0
838,equivalent,1.0
839,ergo,1.0
840,erroneous,1.0
841,error,1.0
842,errors and omissions,1.0
843,escalator clause,1.0
844,escape clause,1.0
845,escheat,1.0
846,escrow,1.0
847,escrow agent,1.0
848,escrow instructions,1.0
849,espionage,1.0
850,esquire,1.0
851,estate,1.0
852,estate by entirety,1.0
853,estate tax,1.0
854,estop,1.0
855,estoppel,1.0
856,et al.,1.0
857,et seq.,1.0
858,et ux.,1.0
859,evasion of tax,1.0
860,eviction,1.0
861,evidence,1.0
862,ex delicto,1.0
863,ex officio,1.0
864,ex parte,1.0
865,ex post facto,1.0
866,ex rel.,1.0
867,examination,1.0
868,exception,1.0
869,exception in deed,1.0
870,excessive bail,1.0
871,exchange,1.0
872,excise,1.0
873,exclusionary rule,1.0
874,exculpatory,1.0
875,excusable neglect,1.0
876,execute,1.0
877,executed,1.0
878,execution,1.0
879,executive clemency,1.0
880,executive order,1.0
881,executive privilege,1.0
882,executor,1.0
883,executory,1.0
884,executory interest,1.0
885,executrix,1.0
886,exemplary damages,1.0
887,exemption,1.0
888,exhibit,1.0
889,expectancy,1.0
890,expense,1.0
891,expert testimony,1.0
892,expert witness,1.0
893,express,1.0
894,express contract,1.0
895,expropriation,1.0
896,extension,1.0
897,extenuating circumstances,1.0
898,extinguishment,1.0
899,extortion,1.0
900,extradition,1.0
901,extrajudicial,1.0
902,extraordinary fees,1.0
903,extreme cruelty,1.0
904,extrinsic fraud,1.0
905,eyewitness,1.0
906,face amount,1.0
907,face value,1.0
908,fact,1.0
909,fact finder (finder of fact),1.0
910,factor,1.0
911,failure of consideration,1.0
912,failure of issue,1.0
913,fair comment,1.0
914,fair market value,1.0
915,fair trade laws,1.0
916,fair use,1.0
917,false arrest,1.0
918,false imprisonment,1.0
919,false pretenses,1.0
920,family,1.0
921,family purpose doctrine,1.0
922,federal courts,1.0
923,federal question,1.0
924,Federal Tort Claims Act,1.0
925,fee,1.0
926,fee simple,1.0
927,fee tail,1.0
928,felon,1.0
929,felonious,1.0
930,felony,1.0
931,felony murder doctrine,1.0
932,fertile octogenarian,1.0
933,fictitious defendants,1.0
934,fiduciary,1.0
935,fiduciary relationship,1.0
936,fighting words,1.0
937,file,1.0
938,final decree,1.0
939,final judgment,1.0
940,final settlement,1.0
941,finding,1.0
942,findings of fact,1.0
943,firm offer,1.0
944,first degree murder,1.0
945,first impression,1.0
946,fixture,1.0
947,flight,1.0
948,floating easement,1.0
949,FOB,1.0
950,for value received,1.0
951,forbearance,1.0
952,forced sale,1.0
953,forcible entry,1.0
954,foreclosure,1.0
955,foreclosure sale,1.0
956,foreign corporation,1.0
957,forensic,1.0
958,forensic medicine,1.0
959,forensic testimony,1.0
960,forensics,1.0
961,foreseeability,1.0
962,foreseeable risk,1.0
963,forfeit,1.0
964,forfeiture,1.0
965,forger,1.0
966,forgery,1.0
967,fornication,1.0
968,forthwith,1.0
969,forum,1.0
970,forum non conveniens,1.0
971,foster child,1.0
972,four corners of an instrument,1.0
973,franchise,1.0
974,franchise tax,1.0
975,fraud,1.0
976,fraud in the inducement,1.0
977,fraudulent conveyance,1.0
978,free and clear,1.0
979,free on board (FOB),1.0
980,freehold,1.0
981,fresh pursuit,1.0
982,friendly suit,1.0
983,frisk,1.0
984,frivolous,1.0
985,fruit of the poisonous tree,1.0
986,frustration of purpose,1.0
987,fugitive from justice,1.0
988,full disclosure,1.0
989,full faith and credit,1.0
990,fungible things,1.0
991,future interest,1.0
992,gag order,1.0
993,garnish,1.0
994,garnishee,1.0
995,garnishment,1.0
996,gender bias,1.0
997,general appearance,1.0
998,general counsel,1.0
999,general damages,1.0
1000,general denial,1.0
1001,general partner,1.0
1002,general plan,1.0
1003,generation skipping,1.0
1004,gift,1.0
1005,gift in contemplation of death,1.0
1006,gift tax,1.0
1007,go bail,1.0
1008,good cause,1.0
1009,good faith,1.0
1010,Good Samaritan rule,1.0
1011,good title,1.0
1012,goods,1.0
1013,goodwill,1.0
1014,governmental immunity,1.0
1015,grace period,1.0
1016,Grand Jury,1.0
1017,grand larceny,1.0
1018,grand theft,1.0
1019,grandfather clause,1.0
1020,grandfathered in,1.0
1021,grant,1.0
1022,grant deed,1.0
1023,grantee,1.0
1024,grantor,1.0
1025,grantor-grantee index,1.0
1026,gratuitous,1.0
1027,gravamen,1.0
1028,gross income,1.0
1029,gross negligence,1.0
1030,guarantee,1.0
1031,guarantor,1.0
1032,guaranty,1.0
1033,guardian,1.0
1034,guardian ad litem,1.0
1035,guest,1.0
1036,guest statute,1.0
1037,guilty,1.0
1038,habeas corpus,1.0
1039,habitable,1.0
1040,habitual criminal,1.0
1041,half blood,1.0
1042,harass,1.0
1043,harassment,1.0
1044,harmless error,1.0
1045,head of household,1.0
1046,headnote,1.0
1047,hearing,1.0
1048,hearsay,1.0
1049,hearsay rule,1.0
1050,heat of passion,1.0
1051,heir,1.0
1052,heir apparent,1.0
1053,heiress,1.0
1054,heirs of the body,1.0
1055,held,1.0
1056,hereditament,1.0
1057,hidden asset,1.0
1058,highway,1.0
1059,hit and run,1.0
1060,hobby loss,1.0
1061,hold harmless,1.0
1062,holder,1.0
1063,holder in due course,1.0
1064,holding,1.0
1065,holding company,1.0
1066,holdover tenancy,1.0
1067,holographic will,1.0
1068,home rule,1.0
1069,homestead,1.0
1070,hometowned,1.0
1071,homicide,1.0
1072,hornbook law,1.0
1073,hostile possession,1.0
1074,hostile witness,1.0
1075,hot pursuit,1.0
1076,hotchpot,1.0
1077,house counsel,1.0
1078,household,1.0
1079,hung jury,1.0
1080,hypothecate,1.0
1081,i.e.,1.0
1082,illegal,1.0
1083,illegal immigrant,1.0
1084,illusory promise,1.0
1085,immaterial,1.0
1086,immediately,1.0
1087,immunity,1.0
1088,impanel,1.0
1089,impaneling,1.0
1090,impeach,1.0
1091,impeachment,1.0
1092,impleader,1.0
1093,implied,1.0
1094,implied consent,1.0
1095,implied contract,1.0
1096,implied covenant of good faith and fair dealing,1.0
1097,implied warranty,1.0
1098,impossibility,1.0
1099,impotence,1.0
1100,impound,1.0
1101,improvement,1.0
1102,impute,1.0
1103,in absentia,1.0
1104,in camera,1.0
1105,in chambers,1.0
1106,in extremis,1.0
1107,in fee simple,1.0
1108,in forma pauperis,1.0
1109,in haec verba,1.0
1110,in kind,1.0
1111,in lieu,1.0
1112,in limine,1.0
1113,in loco parentis,1.0
1114,in pari delicto,1.0
1115,in perpetuity,1.0
1116,in personam,1.0
1117,in pro per,1.0
1118,in propria persona,1.0
1119,in re,1.0
1120,in rem,1.0
1121,in terrorem clause,1.0
1122,in toto,1.0
1123,incapacity,1.0
1124,incest,1.0
1125,inchoate,1.0
1126,incidental beneficiary,1.0
1127,income,1.0
1128,income tax,1.0
1129,incompatibility,1.0
1130,incompatible,1.0
1131,incompetency,1.0
1132,incompetent,1.0
1133,incompetent evidence,1.0
1134,incontrovertible evidence,1.0
1135,incorporate,1.0
1136,incorporate by reference,1.0
1137,incorporation,1.0
1138,incorporeal,1.0
1139,incriminate,1.0
1140,incumbrance,1.0
1141,indecent exposure,1.0
1142,indefeasible,1.0
1143,indemnify,1.0
1144,indemnity,1.0
1145,indenture,1.0
1146,independent contractor,1.0
1147,indeterminate sentence,1.0
1148,indicia,1.0
1149,indictable offense,1.0
1150,indictment,1.0
1151,indigent,1.0
1152,indispensable party,1.0
1153,indorse,1.0
1154,indorsement,1.0
1155,infancy,1.0
1156,inference,1.0
1157,information,1.0
1158,information and belief,1.0
1159,informed consent,1.0
1160,infra,1.0
1161,infringement,1.0
1162,ingress,1.0
1163,inherit,1.0
1164,inheritance,1.0
1165,injunction,1.0
1166,injunctive relief,1.0
1167,injury,1.0
1168,innocent,1.0
1169,innuendo,1.0
1170,inquest,1.0
1171,insanity,1.0
1172,insanity defense,1.0
1173,insertion,1.0
1174,insider,1.0
1175,insider trading,1.0
1176,insolvency,1.0
1177,inspection of documents,1.0
1178,installment contract,1.0
1179,instruction,1.0
1180,instrument,1.0
1181,insufficient evidence,1.0
1182,insurance,1.0
1183,insured,1.0
1184,insurer,1.0
1185,intangible property,1.0
1186,integration,1.0
1187,intent,1.0
1188,inter alia,1.0
1189,inter se,1.0
1190,inter vivos,1.0
1191,inter vivos trust,1.0
1192,interest,1.0
1193,interim order,1.0
1194,interlineation,1.0
1195,interlocutory,1.0
1196,interlocutory decree,1.0
1197,international law,1.0
1198,interpleader,1.0
1199,interrogation,1.0
1200,interrogatories,1.0
1201,interstate commerce,1.0
1202,intervene,1.0
1203,intervening cause,1.0
1204,intervention,1.0
1205,intestacy,1.0
1206,intestate,1.0
1207,intestate succession,1.0
1208,intoxication,1.0
1209,intrinsic fraud,1.0
1210,inure,1.0
1211,invasion of privacy,1.0
1212,inverse condemnation,1.0
1213,invest,1.0
1214,investment,1.0
1215,invitee,1.0
1216,involuntary,1.0
1217,ipse dixit,1.0
1218,ipso facto,1.0
1219,irreconcilable differences,1.0
1220,irrelevant,1.0
1221,irreparable damage or injury,1.0
1222,issue,1.0
1223,J,1.0
1224,Jane Doe,1.0
1225,jaywalking,1.0
1226,JD,1.0
1227,jeopardy,1.0
1228,jobber,1.0
1229,John Doe,1.0
1230,joinder,1.0
1231,joinder of issue,1.0
1232,joint,1.0
1233,joint adventure,1.0
1234,joint and several,1.0
1235,joint custody,1.0
1236,joint enterprise,1.0
1237,joint liability,1.0
1238,joint powers agreement,1.0
1239,joint tenancy,1.0
1240,joint tortfeasors,1.0
1241,joint venture,1.0
1242,Jones Act,1.0
1243,judge,1.0
1244,judge advocate,1.0
1245,judge advocate general,1.0
1246,judgment,1.0
1247,judgment by default,1.0
1248,judgment creditor,1.0
1249,judgment debt,1.0
1250,judgment debtor,1.0
1251,judgment notwithstanding the verdict,1.0
1252,judicial,1.0
1253,judicial discretion,1.0
1254,judicial foreclosure,1.0
1255,judicial notice,1.0
1256,judicial proceedings,1.0
1257,judicial sale,1.0
1258,jump bail,1.0
1259,jurat,1.0
1260,Juris Doctor,1.0
1261,jurisdiction,1.0
1262,jurisdictional amount,1.0
1263,jurisprudence,1.0
1264,jurist,1.0
1265,juror,1.0
1266,jury,1.0
1267,jury box,1.0
1268,jury fees,1.0
1269,jury of one's peers,1.0
1270,jury panel,1.0
1271,jury selection,1.0
1272,jury stress,1.0
1273,jury tampering,1.0
1274,jury trial,1.0
1275,just compensation,1.0
1276,justice,1.0
1277,justice of the peace,1.0
1278,justiciable,1.0
1279,justifiable homicide,1.0
1280,juvenile court,1.0
1281,juvenile delinquent,1.0
1282,K,1.0
1283,kangaroo court,1.0
1284,kidnapping,1.0
1285,kin,1.0
1286,labor and materials,1.0
1287,laches,1.0
1288,land,1.0
1289,landlady,1.0
1290,landlocked,1.0
1291,landlord,1.0
1292,landlord and tenant,1.0
1293,landlord's lien,1.0
1294,lapse,1.0
1295,larceny,1.0
1296,last antecedent rule,1.0
1297,last clear chance,1.0
1298,last will and testament,1.0
1299,latent defect,1.0
1300,lateral support,1.0
1301,law,1.0
1302,law and motion calendar,1.0
1303,law book,1.0
1304,law of admiralty,1.0
1305,law of the case,1.0
1306,law of the land,1.0
1307,lawsuit,1.0
1308,lay a foundation,1.0
1309,leading,1.0
1310,leading question,1.0
1311,leading the witness,1.0
1312,lease,1.0
1313,leasehold,1.0
1314,legacy,1.0
1315,legal,1.0
1316,legal action,1.0
1317,legal advertising,1.0
1318,legal age,1.0
1319,legal aid society,1.0
1320,legal duty,1.0
1321,legal fiction,1.0
1322,legal separation,1.0
1323,legal services,1.0
1324,legal tender,1.0
1325,legalese,1.0
1326,legatee,1.0
1327,legitimate,1.0
1328,lemon law,1.0
1329,lessee,1.0
1330,lesser crime,1.0
1331,lesser-included offense,1.0
1332,lessor,1.0
1333,let,1.0
1334,letter of credit,1.0
1335,letters,1.0
1336,letters of administration,1.0
1337,letters testamentary,1.0
1338,leverage,1.0
1339,levy,1.0
1340,lewd and lascivious,1.0
1341,liability,1.0
1342,liable,1.0
1343,libel,1.0
1344,libel per se,1.0
1345,liberty,1.0
1346,license,1.0
1347,licensee,1.0
1348,licensor,1.0
1349,lie detector test,1.0
1350,lien,1.0
1351,lienor,1.0
1352,life estate,1.0
1353,life without possibility of parole,1.0
1354,limitation of actions,1.0
1355,limited jurisdiction,1.0
1356,limited liability,1.0
1357,limited partnership,1.0
1358,lineal descendant,1.0
1359,lineup,1.0
1360,liquidate,1.0
1361,liquidated damages,1.0
1362,lis pendens,1.0
1363,literary property,1.0
1364,litigant,1.0
1365,litigation,1.0
1366,litigious,1.0
1367,living trust,1.0
1368,living will,1.0
1369,locus,1.0
1370,loiter,1.0
1371,long cause,1.0
1372,long-arm statute,1.0
1373,loss,1.0
1374,loss of bargain,1.0
1375,loss of consortium,1.0
1376,loss of use,1.0
1377,lower court,1.0
1378,M'Naughten rule,1.0
1379,M. O.,1.0
1380,magistrate,1.0
1381,Magna Carta,1.0
1382,mail box rule,1.0
1383,maim,1.0
1384,majority,1.0
1385,make,1.0
1386,make one whole,1.0
1387,maker,1.0
1388,malfeasance,1.0
1389,malice,1.0
1390,malice aforethought,1.0
1391,malicious prosecution,1.0
1392,malpractice,1.0
1393,malum in se,1.0
1394,malum prohibitum,1.0
1395,mandamus,1.0
1396,mandate,1.0
1397,mandatory,1.0
1398,mandatory joinder,1.0
1399,manifest,1.0
1400,Mann Act,1.0
1401,manslaughter,1.0
1402,marital deduction,1.0
1403,marital rights,1.0
1404,maritime law,1.0
1405,mark,1.0
1406,marked for identification,1.0
1407,market value,1.0
1408,marketable title,1.0
1409,marriage,1.0
1410,marshal,1.0
1411,martial law,1.0
1412,Massachusetts Trust,1.0
1413,master,1.0
1414,master and servant,1.0
1415,material,1.0
1416,material representation,1.0
1417,material witness,1.0
1418,matter of record,1.0
1419,maturity,1.0
1420,maxims,1.0
1421,may,1.0
1422,mayhem,1.0
1423,McNabb-Mallory rule,1.0
1424,mechanic's lien,1.0
1425,mediation,1.0
1426,mediator,1.0
1427,meet and confer,1.0
1428,meeting of the minds,1.0
1429,memorandum,1.0
1430,mens rea,1.0
1431,mental anguish,1.0
1432,mental competency,1.0
1433,mental cruelty,1.0
1434,mental suffering,1.0
1435,mercantile law,1.0
1436,merchantable,1.0
1437,merger,1.0
1438,mesne,1.0
1439,mesne profits,1.0
1440,metes and bounds,1.0
1441,military law,1.0
1442,mining claim,1.0
1443,ministerial act,1.0
1444,minor,1.0
1445,minority,1.0
1446,minutes,1.0
1447,Miranda warning,1.0
1448,mirror  wills,1.0
1449,misadventure,1.0
1450,misappropriation,1.0
1451,misdemeanor,1.0
1452,misfeasance,1.0
1453,misjoinder,1.0
1454,misnomer,1.0
1455,misprision of a felony,1.0
1456,misrepresentation,1.0
1457,mistake,1.0
1458,mistrial,1.0
1459,mitigating circumstances,1.0
1460,mitigation of damages,1.0
1461,modification,1.0
1462,modus operandi,1.0
1463,moiety,1.0
1464,molestation,1.0
1465,monopoly,1.0
1466,month-to-month,1.0
1467,monument,1.0
1468,moot,1.0
1469,moot court,1.0
1470,moot point,1.0
1471,moral certainty,1.0
1472,moral turpitude,1.0
1473,moratorium,1.0
1474,mortgage,1.0
1475,mortgagee,1.0
1476,mortgagor,1.0
1477,motion,1.0
1478,motion for a new trial,1.0
1479,motion for a summary judgment,1.0
1480,motion for dismissal,1.0
1481,motion in limine,1.0
1482,motion to strike,1.0
1483,motion to suppress,1.0
1484,motive,1.0
1485,mouthpiece,1.0
1486,movant,1.0
1487,move,1.0
1488,multifarious,1.0
1489,multiplicity of suits,1.0
1490,municipal,1.0
1491,municipal court,1.0
1492,muniment of title,1.0
1493,murder,1.0
1494,mutual,1.0
1495,mutual wills,1.0
1496,N.O.V.,1.0
1497,National Labor Relations Board,1.0
1498,natural law,1.0
1499,natural person,1.0
1500,necessary,1.0
1501,necessary inference,1.0
1502,necessary party,1.0
1503,negative declaration,1.0
1504,negative pregnant,1.0
1505,negligence,1.0
1506,negligence per se,1.0
1507,negligent,1.0
1508,negotiable instrument,1.0
1509,negotiation,1.0
1510,net,1.0
1511,net estate,1.0
1512,new matter,1.0
1513,next friend,1.0
1514,next of kin,1.0
1515,nihil,1.0
1516,nil,1.0
1517,nisi prius,1.0
1518,no contest,1.0
1519,no fault divorce,1.0
1520,no fault insurance,1.0
1521,no-par stock,1.0
1522,nolle prosequi,1.0
1523,nolo contendere,1.0
1524,nominal damages,1.0
1525,nominal party,1.0
1526,nominee,1.0
1527,non compos mentis,1.0
1528,non sequitur,1.0
1529,non-conforming use,1.0
1530,non-contestability clause,1.0
1531,non-contiguous,1.0
1532,non-discretionary trust,1.0
1533,non-feasance,1.0
1534,non-profit corporation,1.0
1535,non-suit,1.0
1536,not guilty,1.0
1537,not guilty by reason of insanity,1.0
1538,notary,1.0
1539,notary public,1.0
1540,note,1.0
1541,notice,1.0
1542,notice of default,1.0
1543,notice to quit,1.0
1544,notorious possession,1.0
1545,novation,1.0
1546,noxious,1.0
1547,nugatory,1.0
1548,nuisance,1.0
1549,nullity,1.0
1550,nunc pro tunc,1.0
1551,O.R.,1.0
1552,O.S.C.,1.0
1553,oath,1.0
1554,obiter dicta,1.0
1555,object,1.0
1556,objection,1.0
1557,obligation,1.0
1558,obligee,1.0
1559,obligor,1.0
1560,obscene,1.0
1561,obstruction of justice,1.0
1562,occupancy,1.0
1563,occupant,1.0
1564,occupation,1.0
1565,occupational disease,1.0
1566,occupational hazard,1.0
1567,occupy the field,1.0
1568,of counsel,1.0
1569,off calendar,1.0
1570,offender,1.0
1571,offense,1.0
1572,offer,1.0
1573,offer of proof,1.0
1574,offeree,1.0
1575,offeror,1.0
1576,officer,1.0
1577,officer of the court,1.0
1578,official,1.0
1579,official misconduct,1.0
1580,officious intermeddler,1.0
1581,offset,1.0
1582,offshore corporation,1.0
1583,omission,1.0
1584,omnibus clause,1.0
1585,on all fours,1.0
1586,on demand,1.0
1587,on file,1.0
1588,on or about,1.0
1589,on or before,1.0
1590,on the merits,1.0
1591,on the stand,1.0
1592,open court,1.0
1593,opening statement,1.0
1594,operation of law,1.0
1595,opinion,1.0
1596,option,1.0
1597,or,1.0
1598,oral contract,1.0
1599,order,1.0
1600,order to show cause,1.0
1601,ordinance,1.0
1602,ordinary,1.0
1603,ordinary course of business,1.0
1604,original jurisdiction,1.0
1605,orphan,1.0
1606,ostensible agent,1.0
1607,ostensible authority,1.0
1608,ouster,1.0
1609,out of court,1.0
1610,out-of-pocket expenses,1.0
1611,outbuilding,1.0
1612,outlaw,1.0
1613,output contract,1.0
1614,overcharge,1.0
1615,overrule,1.0
1616,overt act,1.0
1617,owe,1.0
1618,own,1.0
1619,own recognizance,1.0
1620,owner,1.0
1621,ownership,1.0
1622,paid into court,1.0
1623,pain and suffering,1.0
1624,palimony,1.0
1625,pander,1.0
1626,panderer,1.0
1627,panel,1.0
1628,paper hanger,1.0
1629,par,1.0
1630,paralegal,1.0
1631,paramount title,1.0
1632,parcel,1.0
1633,pardon,1.0
1634,parens patriae,1.0
1635,parent,1.0
1636,parental neglect,1.0
1637,pari delicto,1.0
1638,parish,1.0
1639,parody,1.0
1640,parol,1.0
1641,parol evidence rule,1.0
1642,parole,1.0
1643,partial,1.0
1644,partial breach,1.0
1645,partial disability,1.0
1646,partial verdict,1.0
1647,participate,1.0
1648,partition,1.0
1649,partner,1.0
1650,partnership,1.0
1651,party,1.0
1652,party of the first part,1.0
1653,party of the second part,1.0
1654,party wall,1.0
1655,passenger,1.0
1656,passion,1.0
1657,passive,1.0
1658,patent,1.0
1659,patent ambiguity,1.0
1660,patent defect,1.0
1661,patent infringement,1.0
1662,patent pending,1.0
1663,paternity suit,1.0
1664,pawn,1.0
1665,pay,1.0
1666,payable,1.0
1667,payable on demand,1.0
1668,payee,1.0
1669,payment in due course,1.0
1670,payment in full,1.0
1671,payor,1.0
1672,peace bond,1.0
1673,peaceable possession,1.0
1674,peculation,1.0
1675,pecuniary,1.0
1676,pedophilia,1.0
1677,peeping tom,1.0
1678,peer,1.0
1679,peer review,1.0
1680,penal,1.0
1681,penalty,1.0
1682,pendent jurisdiction,1.0
1683,pendente lite,1.0
1684,penitentiary,1.0
1685,people,1.0
1686,per,1.0
1687,per capita,1.0
1688,per curiam,1.0
1689,per diem,1.0
1690,per se,1.0
1691,per stirpes,1.0
1692,peremptory,1.0
1693,peremptory challenge,1.0
1694,peremptory writ of mandate,1.0
1695,perfect,1.0
1696,perfected,1.0
1697,perform,1.0
1698,performance,1.0
1699,perjurer,1.0
1700,perjury,1.0
1701,permanent disability,1.0
1702,permanent injunction,1.0
1703,permanent injury,1.0
1704,permissive,1.0
1705,permit,1.0
1706,perpetuity,1.0
1707,person,1.0
1708,personal effects,1.0
1709,personal property,1.0
1710,personal service,1.0
1711,personal services,1.0
1712,personalty,1.0
1713,petit jury,1.0
1714,petition,1.0
1715,petitioner,1.0
1716,petty larceny,1.0
1717,physician-patient privilege,1.0
1718,picketing,1.0
1719,pierce the corporate veil,1.0
1720,pilferage,1.0
1721,pimp,1.0
1722,pink slip,1.0
1723,piracy,1.0
1724,plagiarism,1.0
1725,plain error,1.0
1726,plain view doctrine,1.0
1727,plaintiff,1.0
1728,plaintiff's attorney,1.0
1729,plea,1.0
1730,plea bargain,1.0
1731,plea in abatement,1.0
1732,plead,1.0
1733,pleading,1.0
1734,pledge,1.0
1735,plenary,1.0
1736,police court,1.0
1737,police powers,1.0
1738,political question,1.0
1739,polygamy,1.0
1740,polygraph,1.0
1741,pornography,1.0
1742,positive law,1.0
1743,posse comitatus,1.0
1744,possess,1.0
1745,possession,1.0
1746,possession of stolen goods,1.0
1747,possessory interest,1.0
1748,possibility of a reverter,1.0
1749,post,1.0
1750,post mortem,1.0
1751,postdated check,1.0
1752,pot,1.0
1753,pour over will,1.0
1754,power,1.0
1755,power of acceptance,1.0
1756,power of appointment,1.0
1757,power of attorney,1.0
1758,practicable,1.0
1759,practice,1.0
1760,pray,1.0
1761,prayer,1.0
1762,precatory,1.0
1763,precedent,1.0
1764,predecease,1.0
1765,preemption,1.0
1766,preemptive right,1.0
1767,preference,1.0
1768,preferred dividend,1.0
1769,preferred stock,1.0
1770,preliminary hearing,1.0
1771,preliminary injunction,1.0
1772,premeditation,1.0
1773,premises,1.0
1774,premium,1.0
1775,prenuptial agreement,1.0
1776,preponderance of the evidence,1.0
1777,prerogative writ,1.0
1778,prescription,1.0
1779,prescriptive easement,1.0
1780,presentment,1.0
1781,presiding judge,1.0
1782,presumption,1.0
1783,presumption of innocence,1.0
1784,pretermitted heir,1.0
1785,pretrial discovery,1.0
1786,prevailing party,1.0
1787,price fixing,1.0
1788,prima facie,1.0
1789,prima facie case,1.0
1790,prime suspect,1.0
1791,primogeniture,1.0
1792,principal,1.0
1793,principal place of business,1.0
1794,prior restraint,1.0
1795,prior(s),1.0
1796,priority,1.0
1797,privacy,1.0
1798,private carrier,1.0
1799,private nuisance,1.0
1800,private parts,1.0
1801,private property,1.0
1802,private road,1.0
1803,privilege,1.0
1804,privilege against self incrimina-tion,1.0
1805,privileged communication,1.0
1806,privileges and immunities,1.0
1807,privity,1.0
1808,pro bono,1.0
1809,pro forma,1.0
1810,pro hac vice,1.0
1811,pro per,1.0
1812,pro rata,1.0
1813,pro se,1.0
1814,pro tanto,1.0
1815,pro tem,1.0
1816,pro tempore,1.0
1817,probable cause,1.0
1818,probate,1.0
1819,probation,1.0
1820,probative,1.0
1821,probative facts,1.0
1822,probative value,1.0
1823,procedure,1.0
1824,proceeding,1.0
1825,process,1.0
1826,process server,1.0
1827,proctor,1.0
1828,product liability,1.0
1829,professional corporation,1.0
1830,professional negligence,1.0
1831,proffer,1.0
1832,prohibition,1.0
1833,promise,1.0
1834,promissory estoppel,1.0
1835,promissory note,1.0
1836,promoter,1.0
1837,promotional stock,1.0
1838,proof,1.0
1839,proper party,1.0
1840,property,1.0
1841,property damage,1.0
1842,property tax,1.0
1843,propria persona,1.0
1844,proprietary,1.0
1845,proprietary interest,1.0
1846,proprietary rights,1.0
1847,proprietor,1.0
1848,prosecute,1.0
1849,prosecution,1.0
1850,prosecutor,1.0
1851,prospectus,1.0
1852,prostitute,1.0
1853,prostitution,1.0
1854,protective custody,1.0
1855,protest,1.0
1856,prove,1.0
1857,provisional remedy,1.0
1858,proviso,1.0
1859,proximate cause,1.0
1860,proxy,1.0
1861,prudent man rule,1.0
1862,public,1.0
1863,public administrator,1.0
1864,public benefit corporation,1.0
1865,public charge,1.0
1866,public corporation,1.0
1867,public defender,1.0
1868,public domain,1.0
1869,public easement,1.0
1870,public figure,1.0
1871,public nuisance,1.0
1872,public property,1.0
1873,public record,1.0
1874,public trust doctrine,1.0
1875,public use,1.0
1876,public utility,1.0
1877,publication,1.0
1878,publish,1.0
1879,puffing,1.0
1880,punitive damages,1.0
1881,putative,1.0
1882,quantum meruit,1.0
1883,quash,1.0
1884,quasi,1.0
1885,quasi community property,1.0
1886,quasi contract,1.0
1887,quasi corporation,1.0
1888,quasi in rem,1.0
1889,quasi-criminal,1.0
1890,quasi-judicial,1.0
1891,Queen's Bench,1.0
1892,query,1.0
1893,question of fact,1.0
1894,question of law,1.0
1895,qui tam action,1.0
1896,quid pro quo,1.0
1897,quiet enjoyment,1.0
1898,quiet title action,1.0
1899,quit,1.0
1900,quitclaim deed,1.0
1901,quo warranto,1.0
1902,quorum,1.0
1903,quotient verdict,1.0
1904,race to the courthouse,1.0
1905,Racketeer Influenced Corrupt Organization (RICO) statue,1.0
1906,racketeering,1.0
1907,ransom,1.0
1908,rape,1.0
1909,ratable,1.0
1910,ratification,1.0
1911,ratify,1.0
1912,rational basis,1.0
1913,"ready, willing and able",1.0
1914,real estate,1.0
1915,real estate investment trust,1.0
1916,real party in interest,1.0
1917,real property,1.0
1918,realty,1.0
1919,reasonable,1.0
1920,reasonable care,1.0
1921,reasonable doubt,1.0
1922,reasonable reliance,1.0
1923,reasonable speed,1.0
1924,reasonable time,1.0
1925,reasonable wear and tear,1.0
1926,rebate,1.0
1927,rebuttable presumption,1.0
1928,rebuttal,1.0
1929,recapture,1.0
1930,receipt,1.0
1931,receiver,1.0
1932,receivership,1.0
1933,recess,1.0
1934,recidivist,1.0
1935,reciprocal discovery,1.0
1936,reciprocity,1.0
1937,reckless,1.0
1938,reckless disregard,1.0
1939,reckless driving,1.0
1940,reconveyance,1.0
1941,record,1.0
1942,recording acts,1.0
1943,records,1.0
1944,recoupment,1.0
1945,recourse,1.0
1946,recover,1.0
1947,recoverable,1.0
1948,recovery,1.0
1949,recusal,1.0
1950,recuse,1.0
1951,redeem,1.0
1952,redemption,1.0
1953,reentry,1.0
1954,referee,1.0
1955,referendum,1.0
1956,reformation,1.0
1957,refresh one's memory,1.0
1958,register,1.0
1959,registration statement,1.0
1960,registry of deeds,1.0
1961,regulations,1.0
1962,rehearing,1.0
1963,rejection of claim,1.0
1964,release,1.0
1965,release on one's own recognizance,1.0
1966,relevancy,1.0
1967,relevant,1.0
1968,reliance,1.0
1969,reliction,1.0
1970,relief,1.0
1971,remainder,1.0
1972,remainderman,1.0
1973,remand,1.0
1974,remedy,1.0
1975,remise,1.0
1976,remittitur,1.0
1977,remote,1.0
1978,removal,1.0
1979,renewal,1.0
1980,rent,1.0
1981,rental value,1.0
1982,renunciation,1.0
1983,reorganization,1.0
1984,repair,1.0
1985,repeal,1.0
1986,replevin,1.0
1987,reply brief,1.0
1988,reports,1.0
1989,repossess,1.0
1990,represent,1.0
1991,representation,1.0
1992,representative,1.0
1993,reprieve,1.0
1994,repudiation,1.0
1995,reputation,1.0
1996,reputed,1.0
1997,request,1.0
1998,requirements contract,1.0
1999,res,1.0
2000,res adjudicata,1.0
2001,res gestae,1.0
2002,res ipsa loquitur,1.0
2003,res judicata,1.0
2004,resale,1.0
2005,rescind,1.0
2006,rescission,1.0
2007,rescue doctrine,1.0
2008,reservation,1.0
2009,reserve,1.0
2010,reserve fund,1.0
2011,residence,1.0
2012,resident,1.0
2013,residuary bequest,1.0
2014,residue,1.0
2015,resisting arrest,1.0
2016,resolution,1.0
2017,respondeat superior,1.0
2018,respondent,1.0
2019,responsible,1.0
2020,Restatement of the Law,1.0
2021,restitution,1.0
2022,restraining order,1.0
2023,restraint of trade,1.0
2024,restraint on alienation,1.0
2025,restriction,1.0
2026,restrictive covenant,1.0
2027,restrictive endorsement,1.0
2028,result,1.0
2029,resulting trust,1.0
2030,retainer,1.0
2031,retire,1.0
2032,retraction,1.0
2033,retrial,1.0
2034,retroactive,1.0
2035,return of service,1.0
2036,revenue ruling,1.0
2037,reversal,1.0
2038,reversible error,1.0
2039,reversion,1.0
2040,reverter,1.0
2041,review,1.0
2042,revival,1.0
2043,revocation,1.0
2044,revoke,1.0
2045,RICO,1.0
2046,rider,1.0
2047,right,1.0
2048,right of way,1.0
2049,right to privacy,1.0
2050,rights,1.0
2051,riot,1.0
2052,riparian,1.0
2053,riparian rights,1.0
2054,ripe,1.0
2055,risk,1.0
2056,risk of loss,1.0
2057,roadside test,1.0
2058,robbery,1.0
2059,rogatory letters,1.0
2060,royalty,1.0
2061,rule,1.0
2062,rule against perpetuities,1.0
2063,rules of court,1.0
2064,ruling,1.0
2065,running at large,1.0
2066,running with the land,1.0
2067,said,1.0
2068,sale,1.0
2069,salvage,1.0
2070,sanction,1.0
2071,satisfaction,1.0
2072,satisfaction of judgment,1.0
2073,satisfaction of mortgage,1.0
2074,save harmless,1.0
2075,savings and loan,1.0
2076,scienter,1.0
2077,scintilla,1.0
2078,scope of employment,1.0
2079,scrivener,1.0
2080,seal,1.0
2081,sealed verdict,1.0
2082,sealing of records,1.0
2083,search,1.0
2084,search and seizure,1.0
2085,search warrant,1.0
2086,second degree murder,1.0
2087,secondary boycott,1.0
2088,secret rebate,1.0
2089,secured transaction,1.0
2090,securities,1.0
2091,security deposit,1.0
2092,security interest,1.0
2093,sedition,1.0
2094,seduction,1.0
2095,seisin,1.0
2096,seized,1.0
2097,seizure,1.0
2098,self-dealing,1.0
2099,self-defense,1.0
2100,self-executing,1.0
2101,self-help,1.0
2102,self-incrimination,1.0
2103,self-serving,1.0
2104,sell,1.0
2105,seller,1.0
2106,senior lien,1.0
2107,sentence,1.0
2108,separate property,1.0
2109,separation,1.0
2110,separation agreement,1.0
2111,sequester,1.0
2112,sequestration,1.0
2113,seriatim,1.0
2114,servant,1.0
2115,service,1.0
2116,service by FAX,1.0
2117,service by mail,1.0
2118,service by publication,1.0
2119,service of process,1.0
2120,services,1.0
2121,servient estate,1.0
2122,session,1.0
2123,set,1.0
2124,set aside,1.0
2125,setoff,1.0
2126,setting,1.0
2127,settle,1.0
2128,settlement,1.0
2129,settlor,1.0
2130,severable contract,1.0
2131,several liability,1.0
2132,severance,1.0
2133,sex offender,1.0
2134,sexual harassment,1.0
2135,shall,1.0
2136,share,1.0
2137,share and share alike,1.0
2138,shareholder,1.0
2139,shareholders' agreement,1.0
2140,shareholders' derivative action,1.0
2141,shareholders' meeting,1.0
2142,sharp practice,1.0
2143,Shepardize,1.0
2144,sheriff,1.0
2145,sheriff's sale,1.0
2146,shield laws,1.0
2147,shifting the burden of proof,1.0
2148,short cause,1.0
2149,shortening time,1.0
2150,show cause order,1.0
2151,sidebar,1.0
2152,sign,1.0
2153,silent partner,1.0
2154,similarly situated,1.0
2155,simple trust,1.0
2156,simultaneous death act,1.0
2157,sine qua non,1.0
2158,situs,1.0
2159,slander,1.0
2160,small claims court,1.0
2161,sodomy,1.0
2162,sole proprietorship,1.0
2163,solicitation,1.0
2164,solicitor,1.0
2165,Solicitor General,1.0
2166,solitary confinement,1.0
2167,solvency,1.0
2168,sound mind and memory,1.0
2169,sounds in,1.0
2170,speaking demurrer,1.0
2171,special,1.0
2172,special administrator,1.0
2173,special appearance,1.0
2174,special circumstances,1.0
2175,special damages,1.0
2176,special master,1.0
2177,special prosecutor,1.0
2178,special verdict,1.0
2179,specific bequest,1.0
2180,specific devise,1.0
2181,specific finding,1.0
2182,specific legacy,1.0
2183,specific performance,1.0
2184,speculative damages,1.0
2185,speedy trial,1.0
2186,spendthrift clause,1.0
2187,spontaneous exclamation,1.0
2188,spot zoning,1.0
2189,spousal support,1.0
2190,springing interest,1.0
2191,stakeholder,1.0
2192,standard of care,1.0
2193,standing,1.0
2194,star chamber proceedings,1.0
2195,stare decisis,1.0
2196,state,1.0
2197,state action,1.0
2198,state of domicile,1.0
2199,status conference,1.0
2200,statute,1.0
2201,statute of frauds,1.0
2202,statute of limitations,1.0
2203,statutory offer of settlement,1.0
2204,statutory rape,1.0
2205,stay,1.0
2206,stay away order,1.0
2207,stay of execution,1.0
2208,stipulation,1.0
2209,stock,1.0
2210,stock certificate,1.0
2211,stock in trade,1.0
2212,stock option,1.0
2213,stockholder,1.0
2214,stockholders' derivative action,1.0
2215,stop and frisk,1.0
2216,straw man,1.0
2217,street,1.0
2218,strict construction,1.0
2219,strict liability,1.0
2220,strike,1.0
2221,structure,1.0
2222,sua sponte,1.0
2223,subchapter S corporation,1.0
2224,subcontractor,1.0
2225,subject to,1.0
2226,sublease,1.0
2227,submitted,1.0
2228,subordination,1.0
2229,subordination agreement,1.0
2230,subornation of perjury,1.0
2231,subpena,1.0
2232,subpena duces tecum,1.0
2233,subpoena,1.0
2234,subrogation,1.0
2235,subrogee,1.0
2236,subrogor,1.0
2237,subscribe,1.0
2238,substantial performance,1.0
2239,substantive law,1.0
2240,substitute in,1.0
2241,substituted service,1.0
2242,substitution,1.0
2243,substitution of attorney,1.0
2244,succession,1.0
2245,successive sentences,1.0
2246,suffering,1.0
2247,sui generis,1.0
2248,suicide,1.0
2249,suit,1.0
2250,sum certain,1.0
2251,summary adjudication of issues,1.0
2252,summary judgment,1.0
2253,summation,1.0
2254,summons,1.0
2255,Superior Court,1.0
2256,supersedeas,1.0
2257,superseding cause,1.0
2258,supplemental,1.0
2259,suppression of evidence,1.0
2260,supra,1.0
2261,supremacy clause,1.0
2262,Supreme Court,1.0
2263,surcharge,1.0
2264,surety,1.0
2265,surplusage,1.0
2266,surrebutal,1.0
2267,surrender,1.0
2268,surrogate,1.0
2269,surrogate court,1.0
2270,survivor,1.0
2271,survivorship,1.0
2272,suspended sentence,1.0
2273,sustain,1.0
2274,swear,1.0
2275,swindle,1.0
2276,syndicate,1.0
2277,T.R.O.,1.0
2278,tainted evidence,1.0
2279,take,1.0
2280,taking the Fifth,1.0
2281,tangible property,1.0
2282,tax,1.0
2283,tax costs,1.0
2284,Tax Court,1.0
2285,tax evasion,1.0
2286,tax return,1.0
2287,tax sale,1.0
2288,temporary injunction,1.0
2289,temporary insanity,1.0
2290,tenancy,1.0
2291,tenancy at sufferance,1.0
2292,tenancy at will,1.0
2293,tenancy by the entirety,1.0
2294,tenancy in common,1.0
2295,tenant,1.0
2296,tender,1.0
2297,tenement,1.0
2298,tentative trust,1.0
2299,tenure,1.0
2300,term,1.0
2301,testacy,1.0
2302,testamentary,1.0
2303,testamentary capacity,1.0
2304,testamentary disposition,1.0
2305,testamentary trust,1.0
2306,testator,1.0
2307,testatrix,1.0
2308,testify,1.0
2309,testimony,1.0
2310,theft,1.0
2311,third party,1.0
2312,third-party beneficiary,1.0
2313,Thirty-day notice,1.0
2314,"three strikes, you're out",1.0
2315,three-day notice,1.0
2316,tide lands,1.0
2317,time is of the essence,1.0
2318,time served,1.0
2319,timely,1.0
2320,title,1.0
2321,title abstract,1.0
2322,title insurance,1.0
2323,title report,1.0
2324,title search,1.0
2325,to wit,1.0
2326,toll,1.0
2327,tontine,1.0
2328,tools of trade,1.0
2329,tort,1.0
2330,tort claims act,1.0
2331,tortfeasor,1.0
2332,tortious,1.0
2333,trade,1.0
2334,trade fixture,1.0
2335,trade name,1.0
2336,trade secret,1.0
2337,trademark,1.0
2338,trader,1.0
2339,transcript,1.0
2340,transfer,1.0
2341,transfer agent,1.0
2342,transfer in contemplation of death,1.0
2343,transferred intent,1.0
2344,treason,1.0
2345,treasury bill,1.0
2346,treasury bond,1.0
2347,treasury note,1.0
2348,treasury stock,1.0
2349,treaty,1.0
2350,treble damages,1.0
2351,trespass,1.0
2352,trial,1.0
2353,trial court,1.0
2354,trial de novo,1.0
2355,tribunal,1.0
2356,trier of fact,1.0
2357,triple net lease,1.0
2358,true bill,1.0
2359,trust,1.0
2360,trust deed,1.0
2361,trust fund,1.0
2362,trustee,1.0
2363,trustee in bankruptcy,1.0
2364,trustor,1.0
2365,Truth in Lending Act,1.0
2366,turn states' evidence,1.0
2367,Twinkie  defense,1.0
2368,UCC-1,1.0
2369,ultimate fact,1.0
2370,ultra vires,1.0
2371,ultrahazardous activity,1.0
2372,unclean hands,1.0
2373,unconscionable,1.0
2374,unconstitutional,1.0
2375,under the influence,1.0
2376,underwrite,1.0
2377,underwriter,1.0
2378,undisclosed principal,1.0
2379,undivided interest,1.0
2380,undue influence,1.0
2381,unfair competition,1.0
2382,unified estate and gift tax,1.0
2383,Uniform Commercial Code,1.0
2384,unilateral contract,1.0
2385,uninsured motorist clause,1.0
2386,unissued stock,1.0
2387,unjust enrichment,1.0
2388,unlawful,1.0
2389,unlawful assembly,1.0
2390,unlawful detainer,1.0
2391,unreasonable search and seizure,1.0
2392,use,1.0
2393,use tax,1.0
2394,usurious,1.0
2395,usury,1.0
2396,utter,1.0
2397,uxor,1.0
2398,vacate,1.0
2399,vagrancy,1.0
2400,valuable consideration,1.0
2401,variance,1.0
2402,vehicular manslaughter,1.0
2403,vendee,1.0
2404,vendor,1.0
2405,venire,1.0
2406,venue,1.0
2407,verdict,1.0
2408,verification,1.0
2409,vest,1.0
2410,vested,1.0
2411,vested remainder,1.0
2412,vexatious litigation,1.0
2413,vicarious liability,1.0
2414,vigilante,1.0
2415,viz,1.0
2416,void,1.0
2417,void for vagueness,1.0
2418,voidable,1.0
2419,voir dire,1.0
2420,voluntary bankruptcy,1.0
2421,voting trust,1.0
2422,waive,1.0
2423,waiver,1.0
2424,wanton,1.0
2425,ward,1.0
2426,warrant,1.0
2427,warranty,1.0
2428,warranty deed,1.0
2429,waste,1.0
2430,watered stock,1.0
2431,weight of evidence,1.0
2432,wet reckless,1.0
2433,whiplash,1.0
2434,white collar crime,1.0
2435,widow,1.0
2436,widow's election,1.0
2437,widower,1.0
2438,will,1.0
2439,will contest,1.0
2440,willful,1.0
2441,willfully,1.0
2442,wind up,1.0
2443,winding up,1.0
2444,wiretap,1.0
2445,withdrawal,1.0
2446,witness,1.0
2447,witness stand,1.0
2448,words of art,1.0
2449,work product,1.0
2450,Workers' Compensation Acts,1.0
2451,Workmen's Compensation,1.0
2452,World Court,1.0
2453,writ,1.0
2454,writ of attachment,1.0
2455,writ of coram nobis,1.0
2456,writ of execution,1.0
2457,writ of mandate,1.0
2458,wrongful death,1.0
2459,wrongful termination,1.0
2460,your honor,1.0
2461,youthful offenders,1.0
2462,zoning,1.0
